{"a": 0, "n1": 66.09533339660815, "n2": 40.606048491335265}